{
  "project_info": {
    "project_number": "722281556426",
    "firebase_url": "https://marsphotos-f32fc-default-rtdb.europe-west1.firebasedatabase.app",
    "project_id": "marsphotos-f32fc",
    "storage_bucket": "marsphotos-f32fc.firebasestorage.app"
  },
  "client": [
    {
      "client_info": {
        "mobilesdk_app_id": "1:722281556426:android:2f86f848b9f8a6fdcdc733",
        "android_client_info": {
          "package_name": "com.example.marsphotos"
        }
      },
      "oauth_client": [],
      "api_key": [
        {
          "current_key": "AIzaSyDzJiZR_aX8gumarXejsFXtcuTdmy1X1Gk"
        }
      ],
      "services": {
        "appinvite_service": {
          "other_platform_oauth_client": []
        }
      }
    }
  ],
  "configuration_version": "1"
}